{
    "recall": {
        "AUC-ROC": 0.734,
        "ACC": 0.671,
        "TPR@0.1%FPR": 0.0,
        "TPR@1%FPR": 0.028,
        "TPR@5%FPR": 0.25,
        "TPR@10%FPR": 0.333,
        "TPR@20%FPR": 0.519
    },
    "ll": {
        "AUC-ROC": 0.59,
        "ACC": 0.593,
        "TPR@0.1%FPR": 0.009,
        "TPR@1%FPR": 0.019,
        "TPR@5%FPR": 0.056,
        "TPR@10%FPR": 0.139,
        "TPR@20%FPR": 0.296
    },
    "ref": {
        "AUC-ROC": 0.546,
        "ACC": 0.565,
        "TPR@0.1%FPR": 0.009,
        "TPR@1%FPR": 0.009,
        "TPR@5%FPR": 0.056,
        "TPR@10%FPR": 0.148,
        "TPR@20%FPR": 0.269
    },
    "zlib": {
        "AUC-ROC": 0.619,
        "ACC": 0.606,
        "TPR@0.1%FPR": 0.037,
        "TPR@1%FPR": 0.065,
        "TPR@5%FPR": 0.139,
        "TPR@10%FPR": 0.176,
        "TPR@20%FPR": 0.343
    },
    "mink_0.2": {
        "AUC-ROC": 0.578,
        "ACC": 0.588,
        "TPR@0.1%FPR": 0.0,
        "TPR@1%FPR": 0.028,
        "TPR@5%FPR": 0.074,
        "TPR@10%FPR": 0.111,
        "TPR@20%FPR": 0.25
    },
    "mink++_0.2": {
        "AUC-ROC": 0.5,
        "ACC": 0.5,
        "TPR@0.1%FPR": 0.0,
        "TPR@1%FPR": 0.0,
        "TPR@5%FPR": 0.0,
        "TPR@10%FPR": 0.0,
        "TPR@20%FPR": 0.0
    },
    "Similarity": {
        "AUC-ROC": 0.396,
        "ACC": 0.519,
        "TPR@0.1%FPR": 0.0,
        "TPR@1%FPR": 0.0,
        "TPR@5%FPR": 0.019,
        "TPR@10%FPR": 0.093,
        "TPR@20%FPR": 0.13
    },
    "recall_similarity": {
        "AUC-ROC": 0.669,
        "ACC": 0.63,
        "TPR@0.1%FPR": 0.037,
        "TPR@1%FPR": 0.111,
        "TPR@5%FPR": 0.157,
        "TPR@10%FPR": 0.222,
        "TPR@20%FPR": 0.389
    },
    "PETAL": {
        "AUC-ROC": 0.321,
        "ACC": 0.505,
        "TPR@0.1%FPR": 0.0,
        "TPR@1%FPR": 0.0,
        "TPR@5%FPR": 0.037,
        "TPR@10%FPR": 0.037,
        "TPR@20%FPR": 0.12
    },
    "recall_PETAL": {
        "AUC-ROC": 0.737,
        "ACC": 0.694,
        "TPR@0.1%FPR": 0.019,
        "TPR@1%FPR": 0.046,
        "TPR@5%FPR": 0.315,
        "TPR@10%FPR": 0.361,
        "TPR@20%FPR": 0.528
    },
    "average": {
        "recall": {
            "prob_class_1_avg": 1.0719982937325556,
            "prob_class_0_avg": 1.0419660784735714,
            "prob_class_avg_1_0_diff": 0.03003221525898425,
            "prob_class_1_std": 0.03152197737805409,
            "prob_class_0_std": 0.04258752684430213,
            "prob_class_1_median": 1.0715067526818305,
            "prob_class_0_median": 1.0445628502259323
        },
        "ll": {
            "prob_class_1_avg": -3.151665089307008,
            "prob_class_0_avg": -3.2556485577865883,
            "prob_class_avg_1_0_diff": 0.1039834684795804,
            "prob_class_1_std": 0.3755619432320058,
            "prob_class_0_std": 0.38632440957660324,
            "prob_class_1_median": -3.1622326374053955,
            "prob_class_0_median": -3.284850835800171
        },
        "ref": {
            "prob_class_1_avg": 0.4973439772923787,
            "prob_class_0_avg": 0.47781521964956214,
            "prob_class_avg_1_0_diff": 0.019528757642816585,
            "prob_class_1_std": 0.1608777851631246,
            "prob_class_0_std": 0.14104151228367992,
            "prob_class_1_median": 0.49021995067596436,
            "prob_class_0_median": 0.4802294969558716
        },
        "zlib": {
            "prob_class_1_avg": -0.006914563119411891,
            "prob_class_0_avg": -0.007284954041939569,
            "prob_class_avg_1_0_diff": 0.00037039092252767747,
            "prob_class_1_std": 0.0008692272881514093,
            "prob_class_0_std": 0.0008827367920696605,
            "prob_class_1_median": -0.0068232944427116075,
            "prob_class_0_median": -0.00721360729051054
        },
        "mink_0.2": {
            "prob_class_1_avg": -7.789460358796297,
            "prob_class_0_avg": -7.96947337962963,
            "prob_class_avg_1_0_diff": 0.18001302083333304,
            "prob_class_1_std": 0.7315779165018358,
            "prob_class_0_std": 0.7680627372667727,
            "prob_class_1_median": -7.7734375,
            "prob_class_0_median": -7.93359375
        },
        "mink++_0.2": {
            "prob_class_1_avg": 0.0,
            "prob_class_0_avg": 0.0,
            "prob_class_avg_1_0_diff": 0.0,
            "prob_class_1_std": 0.0,
            "prob_class_0_std": 0.0,
            "prob_class_1_median": 0.0,
            "prob_class_0_median": 0.0
        },
        "Similarity": {
            "prob_class_1_avg": 0.609584782228452,
            "prob_class_0_avg": 0.6307776873862956,
            "prob_class_avg_1_0_diff": 0.021192905157843556,
            "prob_class_1_std": 0.0650387859290508,
            "prob_class_0_std": 0.06704235754637668,
            "prob_class_1_median": 0.6140150882062613,
            "prob_class_0_median": 0.6343730628197299
        },
        "recall_similarity": {
            "prob_class_1_avg": 1.0225518793090462,
            "prob_class_0_avg": 0.9908953341368865,
            "prob_class_avg_1_0_diff": 0.03165654517215977,
            "prob_class_1_std": 0.04226335519821679,
            "prob_class_0_std": 0.051803440483011776,
            "prob_class_1_median": 1.0171123193648843,
            "prob_class_0_median": 0.995551687997376
        },
        "PETAL": {
            "prob_class_1_avg": 2.8087612713007295,
            "prob_class_0_avg": 3.03479589632928,
            "prob_class_avg_1_0_diff": 0.22603462502855054,
            "prob_class_1_std": 0.3782207404685037,
            "prob_class_0_std": 0.3805327330379364,
            "prob_class_1_median": 2.7756744031903917,
            "prob_class_0_median": 3.0700057651502832
        },
        "recall_PETAL": {
            "prob_class_1_avg": 1.113390157516319,
            "prob_class_0_avg": 1.0376074265875144,
            "prob_class_avg_1_0_diff": 0.07578273092880461,
            "prob_class_1_std": 0.08445402472573008,
            "prob_class_0_std": 0.0809407125976115,
            "prob_class_1_median": 1.1024443708714178,
            "prob_class_0_median": 1.0396987990861275
        }
    }
}